<?xml version="1.0" encoding="UTF-8"?>
<!--
theme name:     Art Book 4:3
authors:        Szalik
license:        creative commons CC-BY-NC-SA
-->
<theme>
	<formatVersion>7</formatVersion>

	<view name="system">
		<image name="background-art" extra="true">
			<origin>.5 0</origin>
			<pos>0.5 0</pos>
			<size>1 1</size>
			<path>./_inc/systems/default/centered.png</path>
			<path>./_inc/systems/centered/${system.theme}-art.png</path>
			<tile>false</tile>
			<color>ffffff99</color>
			<zIndex>2</zIndex>
		</image>

		<text name="systemInfo">
			<fontPath>${bodyFont}</fontPath>
			<size>0.99 0</size>
			<pos>0 0.93</pos>
			<color>ffffff55</color>
			<alignment>right</alignment>
			<fontSize>0.03125</fontSize>
		</text>
	</view>

</theme>
