<theme>
    <formatVersion>3</formatVersion>
	

	<view name="system">


			
	</view>
	
	<feature supported="carousel">

		<view name="system">

			
			<image name="carousel_bar" extra="true">
				<color>757575</color>
			</image>
		
		</view>

	</feature>

	<view name="basic, detailed, video">
	

	
		<rating name="md_rating">
			<filledPath>./../art/heart_filled.png</filledPath>
			<unfilledPath>./../art/heart_empty.png</unfilledPath>
		</rating>
		
		<textlist name="gamelist">
			<selectorColor>0066ff</selectorColor>
			<selectedColor>b2d1ff</selectedColor>
			<primaryColor>757575</primaryColor>
			<secondaryColor>0066ff</secondaryColor>
		</textlist>
		


		

	
	
		
		<image name="player_box" extra="true">
			<color>ff0000</color>		
		</image>

		<text name="publisher_label, developer_label, genre_label, rating_label, played_label" extra="true">
			<color>ff0000</color>
		</text>

		<datetime name="md_releasedate">
			<color>ff0000</color>
		</datetime>	

		
		
	

	</view>
	
</theme>