<?xml version="1.0"?>
<!--
theme name:     Art Book 4:3
authors:        Szalik
license:        creative commons CC-BY-NC-SA
-->
<theme>
	<formatVersion>7</formatVersion>

	<variables>
		<!-- Default background colors -->
		<backgroundCustomColor1>031321</backgroundCustomColor1>
		<backgroundCustomColor2>031321</backgroundCustomColor2>
		
		<!-- Font Default color in menu -->
		<customcolorstandard>999999</customcolorstandard>

		<!-- Metadata backgrounds SVG -->
		<metadatamaxflipped>metadata-light/metadata-max-flipped</metadatamaxflipped>
		<metadatamax>metadata-light/metadata-max</metadatamax>
		<metadataminflipped>metadata-light/metadata-min-flipped</metadataminflipped>
		<metadatamin>metadata-light/metadata-min</metadatamin>
		<metadataoff>metadata-light/metadata-off</metadataoff>

		<!-- This option allows me to set different color overlays for the centered -->
		<airencolor>fullscreen-nes</airencolor>
	</variables>

</theme>