<?xml version="1.0"?>
<!--
theme name:     Art Book 4:3
authors:        Szalik
license:        creative commons CC-BY-NC-SA
-->
<theme>
	<formatVersion>7</formatVersion>

	<variables>
		<!-- Menu Title font Size -->
		<menutitleFontSize>0.034375</menutitleFontSize>
		<!-- Menu Footer font Size -->
		<menufooterFontSize>0.0325</menufooterFontSize>
		<!-- Menu font Size -->
		<menutextFontSize>0.036</menutextFontSize>
		<!-- Small Menu font Size -->
		<menutextsmallFontSize>0.03</menutextsmallFontSize>

		<!-- Logo Font -->
		<logoFont>./_inc/fonts/ChangaOne-Italic.ttf</logoFont>
		<!-- Body Font -->
		<bodyFont>./_inc/fonts/Cabin-Bold.ttf</bodyFont>
	</variables>
</theme>